VIDEOID,SIGNALID,LOCATION,TIME1,TIME2,X1,X2,X3,X4,P1,P2,P3,P4,C1,C2,C3,C4,PERSON1,PERSON2,SAVED,NOTES,FOLDER
1,5306,"Main St / US-89/91 @ 400 N / US-89, LGN",1/28/2019 11:12,1/28/2019 12:57,,E,S,,8,2,NA,6,,SE,,,PAS,,34:04.0,,2019-01-28 5306
2,8119,"St George Blvd / SR-34 @ 400 E, STG",1/28/2019 13:09,1/29/2019 8:05,N,,,W,2,4,6,8,,,,NW,PAS,,29:57.8,,2019-01-28 8119
3,5306,"Main St / US-89/91 @ 400 N / US-89, LGN",1/29/2019 9:10,2/1/2019 12:05,,E,S,,8,2,NA,6,,SE,,,PAS,,35:50.4,,2019-01-29 5306
4,7184,"700 E / SR-71 @ 900 S, SLC",1/29/2019 9:26,2/1/2019 5:49,,,S,W,8,2,4,6,,,SW,,PAS,,43:38.7,,2019-01-29 7184
5,8119,"St George Blvd / SR-34 @ 400 E, STG",1/29/2019 9:27,1/30/2019 10:45,N,,,W,2,4,6,8,,,,NW,PAS,,39:18.5,,2019-01-29 8119
6,8119,"St George Blvd / SR-34 @ 400 E, STG",1/30/2019 10:45,2/1/2019 12:05,,E,S,,2,4,6,8,,SE,,,PAS,,41:32.1,,2019-01-30 8119
7,5306,"Main St / US-89/91 @ 400 N / US-89, LGN",2/1/2019 14:08,2/3/2019 7:35,N,,,W,8,2,NA,6,,,SW,NW,PAS,,40:38.3,,2019-02-01 5306
8,7184,"700 E / SR-71 @ 900 S, SLC",2/1/2019 14:09,2/1/2019 20:54,N,E,,,8,2,4,6,NE,,,,PAS,,10:17.8,,2019-02-01 7184
9,8119,"St George Blvd / SR-34 @ 400 E, STG",2/1/2019 14:10,2/4/2019 10:19,,E,S,,2,4,6,8,,SE,,,PAS,JDD,18:39.3,,2019-02-01 8119
10,5306,"Main St / US-89/91 @ 400 N / US-89, LGN ",2/3/2019 7:35,2/4/2019 10:17,,E,S,,8,2,NA,6,,SE,,,PAS,,14:48.7,,2019-02-03 5306
11,4130,"6200 S @ Jordan Canal Rd / Margray Dr, TAY",2/4/2019 10:50,2/6/2019 13:05,N,E,,,2,4,6,8,NE,,,NW,PAS,,50:19.6,,2019-02-04 4130
12,5311,"Main St / US-91 @ 1400 N, LGN ",2/4/2019 10:48,2/6/2019 13:05,N,,S,W,8,2,4,6,,,SW,NW,PAS,,17:51.2,,2019-02-04 5311
13,4130,"6200 S @ Jordan Canal Rd / Margray Dr, TAY",2/6/2019 13:14,2/8/2019 13:26,,,S,W,2,4,6,8,,,SW,,PAS,MAR,11:53.4,,2019-02-06 4130
14,5024,"Washington Blvd / US-89 @ 24th St / SR-53, OGD",2/6/2019 13:13,2/8/2019 13:26,N,,,W,8,2,4,6,,,SW,NW,PAS,MAR,18:46.7,,2019-02-06 5024
15,5311,"Main St / US-91 @ 1400 N, LGN",2/6/2019 13:13,2/8/2019 13:26,N,E,,,8,2,4,6,NE,,,NW,PAS,,23:29.3,,2019-02-06 5311
16,5305,"Main St / US-89/91 @ 200 N / SR-30, LGN",2/8/2019 13:49,2/8/2019 17:00,N,,,W,8,2,4,6,,,,NW,PAS,,24:59.3,,2019-02-08 5305
17,6125,"Main St / US-40 @ Vernal Ave / US-191 / MP 144.3, VNL",2/8/2019 13:50,2/11/2019 11:38,N,E,,,2,4,6,8,NE,,,,PAS,,34:16.4,,2019-02-08 6125
18,6393,"State St / US-89 @ 1600 N, ORM",2/8/2019 13:51,2/11/2019 11:38,N,,S,W,8,2,4,6,,,SW,NW,PAS,TJK,58:17.9,,2019-02-08 6393
19,5305,"Main St / US-89/91 @ 200 N / SR-30, LGN",2/10/2019 6:25,2/10/2019 17:13,N,,,,8,2,4,6,,,,,PAS,,54:36.5,,2019-02-10 5305
20,5305,"Main St / US-89/91 @ 200 N / SR-30, LGN",2/11/2019 8:45,2/11/2019 11:07,N,,,,8,2,4,6,NE,,,,PAS,MH,07:48.1,,2019-02-11 5305 a
21,5305,"Main St / US-89/91 @ 200 N / SR-30, LGN",2/11/2019 13:00,2/13/2019 3:24,N,E,S,,8,2,4,6,NE,SE,,,PAS,MH,46:43.9,,2019-02-11 5305 b
22,6125,"Main St / US-40 @ Vernal Ave / US-191 / MP 144.3, VNL",2/11/2019 13:01,2/13/2019 3:24,,,S,W,2,4,6,8,,,SW,,PAS,,49:29.6,,2019-02-11 6125
23,6393,"State St / US-89 @ 1600 N, ORM",2/11/2019 13:02,2/13/2019 3:24,N,E,,,8,2,4,6,NE,,,NW,PAS,MRL,45:48.2,,2019-02-11 6393
24,5305,"Main St / US-89/91 @ 200 N / SR-30, LGN",2/13/2019 13:43,2/15/2019 14:08,N,,,W,8,2,4,6,,,,NW,PAS,,55:42.8,,2019-02-13 5305
25,7184,"700 E / SR-71 @ 900 S, SLC",2/13/2019 13:44,2/14/2019 5:58,N,E,,,8,2,4,6,NE,SE,,,PAS,RM,48:50.3,,2019-02-13 7184
26,7184,"700 E / SR-71 @ 900 S, SLC",2/14/2019 5:58,2/15/2019 5:54,,,S,W,8,2,4,6,,,SW,,PAS,,11:53.2,,2019-02-14 7184
27,6047,"Main St / SR-198 @ Arrowhead Trail Rd / SR-164, SPF",2/27/2019 9:52,2/27/2019 13:23,,,S,W,NA,NA,4,6,,,SW,,PAS,RM,39:08.0,,2019-02-27 6047
28,7332,"5400 S / SR-173 @ 2200 W, TAY",2/27/2019 9:53,2/27/2019 13:15,N,E,,W,2,4,6,8,NE,,,NW,PAS,,04:14.1,,2019-02-27 7332
29,8302,"Main St / US-191 @ Center St, MAB",2/27/2019 9:54,2/27/2019 13:05,N,E,,W,8,2,4,6,NE,,,NW,PAS,,05:45.8,,2019-02-27 8302 a
30,8302,"Main St / US-191 @ Center St, MAB",2/27/2019 13:19,2/28/2019 13:38,,E,,,8,2,4,6,,,,,PAS,MH,05:57.5,,2019-02-27 8302 b
31,8302,"Main St / US-191 @ Center St, MAB",2/28/2019 13:38,3/1/2019 13:31,N,E,,W,8,2,4,6,NE,,,NW,PAS,,08:55.5,,2019-02-28 8302
32,6047,"Main St / SR-198 @ Arrowhead Trail Rd / SR-164, SPF",3/1/2019 13:41,3/4/2019 10:27,,,S,W,NA,NA,4,6,,,SW,,PAS,,35:45.1,,2019-03-01 6047
33,7332,"5400 S / SR-173 @ 2200 W, TAY",3/1/2019 13:42,3/4/2019 10:27,N,E,,W,2,4,6,8,NE,,,NW,PAS,MH,37:43.0,,2019-03-01 7332
34,8302,"Main St / US-191 @ Center St, MAB",3/1/2019 13:43,3/4/2019 10:27,N,E,S,,8,2,4,6,NE,SE,,,PAS,,26:10.6,,2019-03-01 8302
35,1021,"1300 S @ 300 W, SLC",3/4/2019 10:42,3/6/2019 8:47,N,E,,W,8,2,4,6,NE,,,NW,PAS,,29:00.1,,2019-03-04 1021
36,5702,"500 S @ Main St, BTF",3/4/2019 10:43,3/4/2019 14:22,,E,S,,8,2,4,6,,SE,,,PAS,,31:33.7,,2019-03-04 5702
37,7086,"Redwood Rd / SR-68 @ North Temple St, SLC",3/4/2019 10:44,3/6/2019 11:08,N,E,,W,2,4,6,8,NE,,,NW,PAS,RM,49:14.9,,2019-03-04 7086
38,8634,"River Rd @ Brigham Rd, STG",3/4/2019 10:44,3/6/2019 11:08,N,,,W,8,NA,4,6,,E,,NW,PAS,SB,39:04.7,,2019-03-04 8634
39,1021,"1300 S @ 300 W, SLC",3/6/2019 8:47,3/6/2019 11:08,N,E,S,,8,2,4,6,NE,SE,,,PAS,MH,17:08.1,,2019-03-06 1021 a
40,1021,"1300 S @ 300 W, SLC",3/6/2019 11:14,3/7/2019 5:31,N,E,S,,8,2,4,6,NE,SE,,,PAS,MH,11:44.6,,2019-03-06 1021 b
41,5702,"500 S @ Main St, BTF",3/6/2019 11:24,3/8/2019 13:39,N,,,W,8,2,4,6,,,,NW,PAS,JDD,09:40.0,,2019-03-06 5702
42,7086,"Redwood Rd / SR-68 @ North Temple St, SLC",3/6/2019 11:25,3/7/2019 4:46,,,S,W,2,4,6,8,,,SW,,PAS,MH,31:35.0,,2019-03-06 7086
43,8634,"River Rd @ Brigham Rd, STG ",3/6/2019 11:26,3/8/2019 13:39,N,,S,,8,NA,4,6,,E,,,PAS,,14:41.3,,2019-03-06 8634
44,1021,"1300 S @ 300 W, SLC",3/7/2019 5:31,3/8/2019 13:39,N,E,,W,8,2,4,6,NE,,,NW,PAS,,18:32.7,,2019-03-07 1021
45,1021,"1300 S @ 300 W, SLC",3/8/2019 13:58,3/11/2019 11:35,N,E,S,,8,2,4,6,NE,SE,,,PAS,,23:31.9,,2019-03-08 1021
46,4502,"Constitution Blvd / 2700 W @ 3100 S, WVC",3/8/2019 13:59,3/11/2019 11:35,N,,,W,8,NA,NA,6,,,,NW,PAS,,31:16.1,,2019-03-08 4502
47,7086,"Redwood Rd / SR-68 @ North Temple St, SLC",3/8/2019 5:36,3/8/2019 13:39,N,E,,W,2,4,6,8,NE,,,NW,PAS,MH,00:24.7,,2019-03-08 7086 a
48,7086,"Redwood Rd / SR-68 @ North Temple St, SLC",3/8/2019 13:59,3/8/2019 15:30,,,S,W,2,4,6,8,,,SW,,PAS,MH,11:13.6,,2019-03-08 7086 b
49,7086,"Redwood Rd / SR-68 @ North Temple St, SLC",3/8/2019 15:58,3/11/2019 11:35,N,E,,W,2,4,6,8,NE,,,NW,PAS,MH,49:29.3,,2019-03-08 7086 c
50,7622,"Redwood Rd / SR-68 @ 11400 S, SJO",3/8/2019 14:00,3/8/2019 16:08,,,S,W,8,2,4,6,,,SW,,PAS,,42:12.7,,2019-03-08 7622 a
51,7622,"Redwood Rd / SR-68 @ 11400 S, SJO",3/8/2019 16:08,3/10/2019 0:39,N,E,S,,8,2,4,6,NE,,,,PAS,FR,11:07.6,,2019-03-08 7622 b
52,4502,"Constitution Blvd / 2700 W @ 3100 S, WVC",3/11/2019 14:31,3/13/2019 3:35,N,,,W,8,NA,NA,6,,,,NW,PAS,,58:22.4,,2019-03-11 4502
53,5702,"500 S @ Main St, BTF",3/11/2019 14:32,3/12/2019 10:02,,E,S,,8,2,4,6,,SE,,,PAS,,02:21.8,,2019-03-11 5702
54,7086,"Redwood Rd / SR-68 @ North Temple St, SLC",3/11/2019 14:32,3/12/2019 12:45,,,S,W,2,4,6,8,,,SW,,PAS,,04:15.6,,2019-03-11 7086
55,7622,"Redwood Rd / SR-68 @ 11400 S, SJO",3/11/2019 14:33,3/13/2019 3:35,,,S,W,8,2,4,6,,,SW,,PAS,,06:08.1,,2019-03-11 7622
56,7086,"Redwood Rd / SR-68 @ North Temple St, SLC",3/12/2019 12:45,3/12/2019 21:02,N,E,,W,2,4,6,8,NE,,,NW,PAS,,08:08.2,,2019-03-12 7086 a
57,7086,"Redwood Rd / SR-68 @ North Temple St, SLC",3/12/2019 21:02,3/13/2019 3:35,,,S,W,2,4,6,8,,,SW,,PAS,,09:49.7,,2019-03-12 7086 b
58,4301,"Union Park Ave / 1090 E @ Fort Union Blvd / 7000 S, MDV",3/13/2019 10:51,3/13/2019 13:42,,SE,SW,,4,6,8,2,,S,,,PAS,,13:22.4,"actual crosswalks/corners: Southeast (X2), South (C2), Southwest (X3)",2019-03-13 4301 a
59,4301,"Union Park Ave / 1090 E @ Fort Union Blvd / 7000 S, MDV",3/13/2019 13:42,3/15/2019 16:02,NE,,,NW,4,6,8,2,,,,N,PAS,,15:39.3,"actual crosswalks/corners: Northeast (X2), North (C2), Northwest (X3)",2019-03-13 4301 b
60,5108,"Hill Field Rd / SR-232 @ 2000 N / Antelope Dr, LTN",3/13/2019 10:52,3/15/2019 5:37,,,S,W,8,2,4,6,,,SW,,PAS,,19:50.6,,2019-03-13 5108
61,7355,"Bangerter Hwy / 200 E / SR-154 @ 13800 S, DPR",3/13/2019 10:53,3/14/2019 5:56,,E,S,W,8,2,4,6,,SE,SW,,PAS,,21:50.8,,2019-03-13 7355
62,8828,"Red Cliff Dr / Telegraph St @ Green Spring Dr, WAS",3/13/2019 10:54,3/15/2019 16:02,N,,,W,2,4,6,8,,,,NW,PAS,RM,04:57.6,,2019-03-13 8828
63,7355,"Bangerter Hwy / 200 E / SR-154 @ 13800 S, DPR",3/14/2019 14:08,3/15/2019 16:02,N,E,,,8,2,4,6,NE,,,,PAS,JDD,37:55.9,,2019-03-14 7355
64,4301,"Union Park Ave / 1090 E @ Fort Union Blvd / 7000 S, MDV",3/15/2019 16:11,3/18/2019 9:45,,SE,SW,,4,6,8,2,,S,,,PAS,RM,00:11.4,"actual crosswalks/corners: Southeast (X2), South (C2), Southwest (X3)",2019-03-15 4301
65,5108,"Hill Field Rd / SR-232 @ 2000 N / Antelope Dr, LTN",3/15/2019 16:12,3/18/2019 9:45,N,E,,,8,2,4,6,NE,,,,PAS,,25:03.1,,2019-03-15 5108
66,7355,"Bangerter Hwy / 200 E / SR-154 @ 13800 S, DPR",3/15/2019 16:13,3/18/2019 9:45,,,S,W,8,2,4,6,,SE,SW,,PAS,,28:22.3,,2019-03-15 7355
67,8828,"Red Cliff Dr / Telegraph St @ Green Spring Dr, WAS",3/15/2019 16:13,3/18/2019 9:45,,E,S,,2,4,6,8,,SE,SW,,PAS,JDD,21:24.1,,2019-03-15 8828
68,1229,"2100 S @ 1300 E, SLC",3/18/2019 11:45,3/20/2019 8:38,N,E,,W,8,2,4,6,NE,,,NW,PAS,,35:25.0,,2019-03-18 1229
69,4158,"14600 S / Highland Dr / SR-140 @ Minuteman Dr, DPR",3/18/2019 11:45,3/20/2019 4:18,,E,S,,NA,4,6,NA,,SE,,,PAS,,37:15.1,,2019-03-18 4158
70,5299,"200 W / US-91 @ Main St / SR-142, RMD",3/18/2019 11:46,3/21/2019 8:18,N,,,W,4,2,4,6,NE,,,NW,PAS,RM,16:56.5,,2019-03-18 5299
71,6446,"500 W / State St / US-89 @ Bulldog Blvd / Columbia Ln / 1230 N, PVO",3/18/2019 11:47,3/21/2019 8:18,,E,S,,8,2,4,6,,SE,,,PAS,SB,05:01.1,,2019-03-18 6446
72,1229,"2100 S @ 1300 E, SLC",3/20/2019 8:41,3/20/2019 12:46,,E,S,,8,2,4,6,,SE,,,PAS,,42:39.2,,2019-03-20 1229
73,1229,"2100 S @ 1300 E, SLC",3/21/2019 5:41,3/21/2019 8:18,N,E,,W,8,2,4,6,NE,,,NW,PAS,,44:04.4,,2019-03-21 1229
74,1229,"2100 S @ 1300 E, SLC",3/22/2019 15:07,3/25/2019 9:02,,E,S,,8,2,4,6,,SE,,,PAS,,45:38.9,,2019-03-22 1229
75,5299,"200 W / US-91 @ Main St / SR-142, RMD",3/22/2019 15:08,3/25/2019 9:02,N,E,S,,4,2,4,6,NE,SE,,,PAS,,47:12.5,,2019-03-22 5299
76,5332,"Main St / SR-165 @ 100 N PVD / 1200 S LGN, PVD",3/25/2019 9:55,3/27/2019 3:39,N,,S,W,8,2,4,6,,,SW,NW,PAS,SB,23:22.2,,2019-03-25 5332
77,7218,"Foothill Dr / Honorary Veterans Blvd / SR-186 @ Wakara Way, SLC",3/25/2019 9:56,3/27/2019 11:05,,,SW,NW,NA,NA,6,8,,,W,,PAS,MH,53:45.7,"actual crosswalks/corners: Southwest (3X), West (C3), Northwest (4X)",2019-03-25 7218
78,7381,"5600 W / SR-172 @ 3500 S / SR-171, WVC",3/25/2019 9:56,3/27/2019 11:05,N,E,S,,2,4,6,8,NE,SE,,,PAS,,59:03.3,,2019-03-25 7381
79,8113,"Bluff St / SR-18 @ Main St / Black Ridge Dr / Hilton Dr, STG",3/25/2019 9:57,3/27/2019 11:05,N,,,W,8,2,4,6,,,,NW,PAS,,00:20.4,,2019-03-25 8113
80,4662,"12600 S / Herriman Blvd @ Main St / 5040 W, HRR",3/27/2019 11:21,3/29/2019 14:03,,E,S,W,NA,4,6,NA,,SE,SW,,PAS,,03:20.9,,2019-03-27 4662
81,5332,"Main St / SR-165 @ 100 N PVD / 1200 S LGN, PVD",3/27/2019 11:21,3/29/2019 14:03,N,E,,W,8,2,4,6,NE,,,NW,PAS,,01:55.8,,2019-03-27 5332
82,7381,"5600 W / SR-172 @ 3500 S / SR-171, WVC",3/27/2019 11:22,3/28/2019 8:41,,,S,W,2,4,6,8,,,SW,,PAS,,04:59.7,,2019-03-27 7381
83,8113,"Bluff St / SR-18 @ Main St / Black Ridge Dr / Hilton Dr, STG",3/27/2019 11:23,3/29/2019 14:03,,E,S,,8,2,4,6,,SE,,,PAS,SB,24:31.5,,2019-03-27 8113
84,6407,"University Ave / US-189 @ Center St, PVO",3/29/2019 14:13,4/1/2019 13:05,,,S,W,8,2,4,6,,,SW,,PAS,mec,20:24.9,,2019-03-29 6407
85,6446,"500 W / State St / US-89 @ Bulldog Blvd / Columbia Ln / 1230 N, PVO",3/29/2019 14:10,4/1/2019 13:05,N,,,W,8,2,4,6,,,,NW,PAS,RM,25:00.4,,2019-03-29 6446
86,1094,"South Temple St @ 700 E / I St, SLC",4/1/2019 13:23,4/3/2019 13:02,,E,S,,6,4,2,3,,SE,,,PAS,,17:03.2,,2019-04-01 1094
87,4511,"4100 S @ 3200 W, WVC",4/1/2019 13:24,4/3/2019 13:02,N,,,W,2,4,6,8,,,,NW,PAS,MH,03:07.7,,2019-04-01 4511
88,5053,"Harrison Blvd / Wildcat Way / SR-203 @ 36th St, OGD",4/1/2019 13:25,4/3/2019 13:02,,,S,W,8,2,4,6,,,SW,,PAS,,25:24.8,,2019-04-01 5053
89,6146,"Cory B Wride Memorial Hwy / SR-73 @ Ranches Pkwy, EAG",4/1/2019 13:25,4/3/2019 13:02,,,S,W,2,NA,6,8,,,SW,,PAS,SB,53:49.7,,2019-04-01 6146
90,7119,"Redwood Rd / SR-68 @ 12600 S / SR-71, RVT",4/1/2019 13:26,4/3/2019 13:02,N,E,,,8,2,4,6,NE,,,,PAS,,33:25.2,,2019-04-01 7119
91,1094,"South Temple St @ 700 E / I St, SLC",4/3/2019 13:17,4/5/2019 14:11,N,,,W,6,4,2,3,,,,NW,PAS,JDD,43:55.1,,2019-04-03 1094
92,4511,"4100 S @ 3200 W, WVC",4/3/2019 13:18,4/5/2019 14:11,,E,S,,2,4,6,8,,SE,,,PAS,MH,10:11.1,,2019-04-03 4511
93,5053,"Harrison Blvd / Wildcat Way / SR-203 @ 36th St, OGD",4/3/2019 13:19,4/5/2019 14:11,N,E,,,8,2,4,6,NE,,,,PAS,SB,18:51.7,,2019-04-03 5053
94,7119,"Redwood Rd / SR-68 @ 12600 S / SR-71, RVT",4/3/2019 13:19,4/5/2019 14:11,,,S,W,8,2,4,6,,,SW,,PAS,SB,54:26.5,,2019-04-03 7119
95,4406,"Union Park Ave / 1300 E @ 7755 S / Forbush Ln, SND",4/5/2019 14:23,4/6/2019 7:36,,E,S,,8,2,4,6,,SE,,,PAS,,39:55.9,,2019-04-05 4406
96,4406,"Union Park Ave / 1300 E @ 7755 S / Forbush Ln, SND",4/6/2019 7:39,4/6/2019 7:40,,E,S,,8,2,4,6,,SE,,,PAS,,39:55.9,,2019-04-05 4406
97,4406,"Union Park Ave / 1300 E @ 7755 S / Forbush Ln, SND",4/6/2019 7:47,4/6/2019 10:08,,E,S,,8,2,4,6,,SE,,,PAS,,39:55.9,,2019-04-05 4406
98,4406,"Union Park Ave / 1300 E @ 7755 S / Forbush Ln, SND",4/6/2019 10:09,4/6/2019 10:32,,E,S,,8,2,4,6,,SE,,,PAS,,39:55.9,,2019-04-05 4406
99,4406,"Union Park Ave / 1300 E @ 7755 S / Forbush Ln, SND",4/6/2019 10:32,4/6/2019 10:52,,E,S,,8,2,4,6,,SE,,,PAS,,39:55.9,,2019-04-05 4406
100,4406,"Union Park Ave / 1300 E @ 7755 S / Forbush Ln, SND",4/6/2019 10:53,4/7/2019 4:51,,E,S,,8,2,4,6,,SE,,,PAS,,39:55.9,,2019-04-05 4406
101,5363,"500 W / US-89 @ 400 N / SR-106, BTF",4/5/2019 14:24,4/8/2019 8:22,,,S,W,8,2,4,6,,,SW,,PAS,RM,46:28.3,,2019-04-05 5363
102,6407,"University Ave / US-189 @ Center St, PVO",4/5/2019 14:25,4/8/2019 8:22,N,E,,,8,2,4,6,NE,,,,PAS,RM,33:55.7,,2019-04-05 6407
103,8208,"Main St / SR-130 @ 200 N / Freedom Blvd / SR-56, CDC",4/5/2019 14:25,4/5/2019 21:26,N,E,,,8,2,4,6,NE,,,,PAS,,51:14.2,,2019-04-05a 8208
104,8208,"Main St / SR-130 @ 200 N / Freedom Blvd / SR-56, CDC",4/5/2019 22:03,4/8/2019 8:22,N,E,,,8,2,4,6,NE,,,,PAS,,52:40.2,,2019-04-05b 8208
105,4406,"Union Park Ave / 1300 E @ 7755 S / Forbush Ln, SND",4/7/2019 8:38,4/8/2019 8:22,,E,S,,8,2,4,6,,SE,,,PAS,,41:38.8,,2019-04-07 4406
106,4406,"Union Park Ave / 1300 E @ 7755 S / Forbush Ln, SND",4/8/2019 8:31,4/9/2019 23:06,N,,S,W,8,2,4,6,,,SW,NW,PAS,SB,05:36.0,,2019-04-08 4406
107,4406,"Union Park Ave / 1300 E @ 7755 S / Forbush Ln, SND",4/9/2019 23:15,4/9/2019 23:16,N,,S,W,8,2,4,6,,,SW,NW,PAS,SB,05:36.0,,2019-04-08 4406
108,4406,"Union Park Ave / 1300 E @ 7755 S / Forbush Ln, SND",4/9/2019 23:18,4/10/2019 3:21,N,,S,W,8,2,4,6,,,SW,NW,PAS,SB,05:36.0,,2019-04-08 4406
109,5363,"500 W / US-89 @ 400 N / SR-106, BTF",4/8/2019 8:32,4/10/2019 3:21,N,E,,W,8,2,4,6,NE,,,NW,PAS,SB,02:58.0,,2019-04-08 5363
110,6146,"Cory B Wride Memorial Hwy / SR-73 @ Ranches Pkwy, EAG",4/8/2019 8:33,4/10/2019 3:21,N,E,,,2,NA,6,8,NE,,,,PAS,SB,07:06.9,,2019-04-08 6146
111,8208,"Main St / SR-130 @ 200 N / Freedom Blvd / SR-56, CDC",4/8/2019 8:34,4/10/2019 3:21,,,S,W,8,2,4,6,,,SW,,PAS,MH,50:28.4,,2019-04-08 8208
112,4522,"Grizzlies Blvd / 3100 S @ Decker Lake Dr, WVC",4/10/2019 8:19,4/12/2019 7:36,N,E,,,2,4,6,8,NE,,,,PAS,MH,07:06.3,,2019-04-10 4522
113,5179,"US-89 @ Harrison Blvd / 1550 E / SR-203, SOG",4/10/2019 8:20,4/12/2019 1:30,,,SW,NW,NA,NA,6,8,,,W,,PAS,,53:48.0,,2019-04-10 5179
114,5179,"US-89 @ Harrison Blvd / 1550 E / SR-203, SOG",4/12/2019 2:11,4/12/2019 7:36,,,SW,NW,NA,NA,6,8,,,W,,PAS,,53:48.0,,2019-04-10 5179
115,7041,"South Campus Dr / SR-282 @ 1725 E, SLC",4/10/2019 8:21,4/12/2019 3:49,N,E,,,2,4,6,8,NE,,,,PAS,JDD,35:26.3,,2019-04-10 7041
116,7041,"South Campus Dr / SR-282 @ 1725 E, SLC",4/12/2019 5:45,4/12/2019 7:36,N,E,,,2,4,6,8,NE,,,,PAS,JDD,35:26.3,,2019-04-10 7041
117,8124,"St George Blvd / SR-34 @ River Rd / Red Cliffs Dr, STG",4/10/2019 8:22,4/12/2019 7:36,,,S,W,NA,2,4,6,,,SW,,PAS,,00:21.0,,2019-04-10 8124
118,4522,"Grizzlies Blvd / 3100 S @ Decker Lake Dr, WVC",4/12/2019 7:44,4/15/2019 8:03,,,S,W,2,4,6,8,,,SW,,PAS,,00:02.8,,2019-04-12 4522
119,7328,"5400 S / SR-173 @ 4015 W, TAY",4/12/2019 7:46,4/13/2019 2:54,N,E,,W,2,4,6,8,NE,,,NW,PAS,MH,55:23.6,,2019-04-12 7328
120,7328,"5400 S / SR-173 @ 4015 W, TAY",4/13/2019 3:26,4/15/2019 8:03,N,E,,W,2,4,6,8,NE,,,NW,PAS,MH,55:23.6,,2019-04-12 7328
121,8124,"St George Blvd / SR-34 @ River Rd / Red Cliffs Dr, STG",4/12/2019 7:47,4/15/2019 8:03,N,E,S,,NA,2,4,6,NE,SE,,,PAS,MH,57:56.7,,2019-04-12 8124
122,1045,"700 S @ Main St, SLC",4/16/2019 8:45,4/18/2019 15:01,N,,,W,8,2,4,6,,,,NW,PAS,SB,18:49.3,,2019-04-16 1045
123,7041,"South Campus Dr / SR-282 @ 1725 E, SLC",4/16/2019 8:45,4/18/2019 15:01,,,S,W,2,4,6,8,,,SW,,PAS,,58:14.5,,2019-04-16 7041
124,7328,"5400 S / SR-173 @ 4015 W, TAY",4/16/2019 8:46,4/18/2019 15:01,,E,S,,2,4,6,8,,SE,,,PAS,SB,56:14.6,,2019-04-16 7328
125,1045,"700 S @ Main St, SLC",4/24/2019 10:21,4/26/2019 15:05,,E,S,,8,2,4,6,,SE,,,PAS,,31:34.4,,2019-04-24 1045
126,1094,"South Temple St @ 700 E / I St, SLC",4/24/2019 10:22,4/26/2019 15:05,,E,S,,6,2,4,3,,SE,,,PAS,MH,10:18.9,,2019-04-24 1094
127,7119,"Redwood Rd / SR-68 @ 12600 S / SR-71, RVT",4/24/2019 10:23,4/26/2019 15:05,N,E,,,8,2,4,6,NE,,,,PAS,SB,35:07.1,,2019-04-24 7119
128,4024,"Fort Union Blvd / 6910 S @ 1300 E, CWH",6/13/2019 8:57,6/13/2019 19:13,N,,,W,2,4,6,8,,,,NW,PAS,,34:53.0,,2019-06-13 4024
129,4024,"Fort Union Blvd / 6910 S @ 1300 E, CWH",6/13/2019 19:15,6/14/2019 15:05,N,,,W,2,4,6,8,,,,NW,PAS,,34:53.0,,2019-06-13 4024
130,6436,"University Pkwy / SR-265 @ 2230 N / Riverside Ave / 550 W, PVO",6/13/2019 8:57,6/14/2019 15:05,,,SW,,2,4,6,8,,S,W,,PAS,,39:57.0,,2019-06-13 6436
131,8117,"St George Blvd / SR-34 @ Main St, STG",6/13/2019 8:58,6/14/2019 15:05,,,S,W,2,4,6,8,,,SW,,PAS,SB,34:08.1,,2019-06-13 8117
132,4024,"Fort Union Blvd / 6910 S @ 1300 E, CWH",6/14/2019 15:14,6/17/2019 8:46,,E,S,,2,4,6,8,,SE,,,PAS,SB,38:04.5,,2019-06-14 4024
133,6436,"University Pkwy / SR-265 @ 2230 N / Riverside Ave / 550 W, PVO",6/14/2019 15:15,6/17/2019 8:46,NE,,,NW,2,4,6,8,,,,N,PAS,SB,41:31.1,,2019-06-14 6436
134,7610,"5415 S / 5400 S / SR-173 @ 4800 W / Charlotte Ave, KRN",6/14/2019 15:16,6/17/2019 8:46,N,,,W,2,4,6,8,,,,NW,PAS,JDD,20:15.3,,2019-06-14 7610
135,8117,"St George Blvd / SR-34 @ Main St, STG",6/14/2019 15:16,6/17/2019 8:46,N,E,,,2,4,6,8,NE,,,,PAS,SB,34:36.8,,2019-06-14 8117
136,7610,"5415 S / 5400 S / SR-173 @ 4800 W / Charlotte Ave, KRN",6/17/2019 8:56,6/18/2019 16:09,,E,S,,2,4,6,8,,SE,,,PAS,,48:57.2,,2019-06-17 7610
137,5330,"US-89/91 @ 1700 S / Park Ave / 600 W, LGN",6/24/2019 11:49,6/26/2019 13:38,,,SW,NW,8,2,4,6,,,W,,PAS,SB,54:19.9,,2019-06-24 5330
138,6303,"State St / US-89 @ 800 N / SR-52, ORM",6/24/2019 11:49,6/24/2019 13:44,N,,,W,8,2,4,6,,,,NW,PAS,,54:04.2,,2019-06-24 6303
139,6303,"State St / US-89 @ 800 N / SR-52, ORM",6/24/2019 13:49,6/25/2019 13:31,N,,,W,8,2,4,6,,,,NW,PAS,,54:04.2,,2019-06-24 6303
140,7110,"Redwood Rd / SR-68 @ 5400 S / SR-173, TAY",6/24/2019 11:50,6/26/2019 13:38,N,E,,,8,2,4,6,NE,,,,PAS,AB,33:10.6,,2019-06-24 7110
141,8601,"Main St @ 100 S, STG",6/24/2019 11:50,6/26/2019 13:38,N,,S,W,2,4,6,8,,,SW,NW,PAS,,57:02.8,,2019-06-24 8601
142,6303,"State St / US-89 @ 800 N / SR-52, ORM",6/25/2019 13:31,6/26/2019 13:38,,E,S,,8,2,4,6,,SE,,,PAS,,59:00.0,,2019-06-25 6303
143,5330,"US-89/91 @ 1700 S / Park Ave / 600 W, LGN",6/26/2019 13:49,6/27/2019 23:49,NE,SE,SW,,8,2,4,6,E,S,,,PAS,,02:04.3,,2019-06-26 5330
144,6303,"State St / US-89 @ 800 N / SR-52, ORM",6/26/2019 13:50,6/28/2019 16:10,N,,,W,8,2,4,6,,,,NW,PAS,SB,06:42.8,,2019-06-26 6303
145,6436,"University Pkwy / SR-265 @ 2230 N / Riverside Ave / 550 W, PVO",6/26/2019 13:50,6/28/2019 16:10,,SE,S,,2,4,6,8,,S,,,PAS,SB,32:13.6,southeast crosswalk is left/close half; south crosswalk is right/far half,2019-06-26 6436
146,8601,"Main St @ 100 S, STG",6/26/2019 13:51,6/28/2019 6:10,,E,S,W,2,4,6,8,,SE,SW,,PAS,,10:51.3,,2019-06-26 8601
147,5618,"Gentile St @ Flint St, LTN",6/28/2019 16:24,7/1/2019 8:30,,E,S,,NA,NA,6,NA,,SE,,,PAS,,15:36.2,,2019-06-28 5618
148,7110,"Redwood Rd / SR-68 @ 5400 S / SR-173, TAY",6/28/2019 16:25,7/1/2019 8:30,,E,S,W,8,2,4,6,,SE,SW,,PAS,,13:55.4,,2019-06-28 7110
149,8302,"Main St / US-191 @ Center St, MAB",6/28/2019 16:25,6/28/2019 22:56,N,E,,W,8,2,4,6,NE,,,NW,PAS,,17:36.9,,2019-06-28 8302
150,4011,"3900 S @ 2300 E, HDY",7/1/2019 8:45,7/3/2019 13:14,N,E,,W,2,4,5,8,NE,,,NW,PAS,,20:55.9,,2019-07-01 4011
151,5618,"Gentile St @ Flint St, LTN",7/1/2019 8:44,7/3/2019 13:14,,,S,W,NA,NA,6,NA,,,SW,,PAS,,19:11.2,,2019-07-01 5618
152,7099,"Redwood Rd / SR-68 @ 2320 S, WVC",7/1/2019 8:45,7/2/2019 1:08,N,E,,,8,2,4,6,NE,,,,PAS,,22:51.1,,2019-07-01 7099
153,7099,"Redwood Rd / SR-68 @ 2320 S, WVC",7/2/2019 1:37,7/3/2019 13:14,N,E,,,8,2,4,6,NE,,,,PAS,,26:28.0,,2019-07-02 7099
154,4011,"3900 S @ 2300 E, HDY",7/5/2019 13:05,7/8/2019 8:47,N,E,S,,2,4,6,8,NE,SE,,,PAS,,23:41.0,,2019-07-05 4011
155,5349,"Main St / US-89 @ 2600 S / SR-93, BTF",7/5/2019 13:06,7/8/2019 8:47,N,E,S,W,8,2,4,6,NE,SE,,NW,PAS,AB,37:42.9,video camera is on sw corner,2019-07-05 5349
156,7099,"Redwood Rd / SR-68 @ 2320 S, WVC",7/5/2019 13:06,7/8/2019 8:47,N,,S,W,8,2,4,6,,,SW,NW,PAS,,33:46.5,,2019-07-05 7099
157,8222,"200 N / Freedom Blvd / SR-56 @ 1225 W / I-15 NB Ramps, CDC",7/5/2019 13:07,7/8/2019 8:47,,E,S,W,2,4,6,8,,SE,SW,,PAS,,35:30.5,,2019-07-05 8222
158,5024,"Washington Blvd / US-89 @ 24th St / SR-53, OGD",7/8/2019 8:56,7/10/2019 4:14,,E,S,,8,2,4,6,,SE,,,PAS,SB,38:31.6,,2019-07-08 5024
159,5030,"Washington Blvd / US-89 @ 12th St / SR-39, OGD",7/8/2019 8:57,7/9/2019 12:05,N,,,W,8,2,4,6,,,,NW,PAS,,45:34.2,,2019-07-08 5030
160,6038,"Pioneer Crossing / SR-145 @ 2300 W / Saratoga Rd, LHI",7/8/2019 8:57,7/10/2019 4:14,N,E,S,W,2,4,6,8,,SE,,,PAS,AB,23:15.7,video camera is on nw corner,2019-07-08 6038
161,8302,"Main St / US-191 @ Center St, MAB",7/8/2019 8:58,7/10/2019 4:14,N,E,,W,8,2,4,6,NE,,,NW,PAS,,40:58.2,,2019-07-08 8302
162,4895,"New Bingham Hwy @ 4800 W, WJD",7/10/2019 16:52,7/12/2019 14:32,,,S,W,2,4,6,8,,,SW,,PAS,SB,03:53.5,,2019-07-10 4895
163,5030,"Washington Blvd / US-89 @ 12th St / SR-39, OGD",7/10/2019 16:53,7/11/2019 14:26,,E,S,,8,2,4,6,,SE,,,PAS,,47:42.3,,2019-07-10 5030
164,7381,"5600 W / SR-172 @ 3500 S / SR-171, WVC",7/10/2019 16:53,7/10/2019 19:03,N,E,S,,2,4,6,8,NE,SE,,,PAS,,51:25.8,,2019-07-10 7381
165,8302,"Main St / US-191 @ Center St, MAB",7/10/2019 16:54,7/12/2019 14:32,N,E,S,,8,2,4,6,NE,SE,,,PAS,SB,45:36.4,,2019-07-10 8302
166,5030,"Washington Blvd / US-89 @ 12th St / SR-39, OGD",7/11/2019 15:12,7/12/2019 14:28,,E,S,,8,2,4,6,,SE,,,PAS,,54:23.2,,2019-07-11 5030
167,4020,"3900 S @ 210 W / Howick St, SSL",7/12/2019 14:43,7/15/2019 8:14,,,S,W,2,4,6,NA,,,SW,,PAS,,57:26.9,,2019-07-12 4020
168,4895,"New Bingham Hwy @ 4800 W, WJD",7/12/2019 14:43,7/15/2019 8:14,N,E,,,2,4,6,8,NE,,,,PAS,,55:53.8,,2019-07-12 4895
169,7164,"State St / US-89 @ Winchester St / 6400 S, MUR",7/12/2019 14:44,7/15/2019 8:14,N,E,,,8,2,4,6,NE,,,,PAS,AB,37:03.6,,2019-07-12 7164
170,4020,"3900 S @ 210 W / Howick St, SSL",7/15/2019 9:48,7/17/2019 12:44,N,E,,,2,4,6,NA,NE,,,,PAS,,09:42.2,,2019-07-15 4020
171,5624,"Fairfield Rd / 850 E @ Wasatch Dr / 425 N, LTN",7/15/2019 9:49,7/17/2019 12:44,N,E,S,,8,2,4,6,NE,SE,,,PAS,JDD,47:58.3,,2019-07-15 5624
172,6078,"Redwood Rd / SR-68 @ Pony Express Pkwy, SSP",7/15/2019 9:50,7/17/2019 12:44,,,S,W,NA,NA,4,6,,,SW,,PAS,,15:21.6,,2019-07-15 6078
173,7164,"State St / US-89 @ Winchester St / 6400 S, MUR",7/15/2019 9:50,7/17/2019 12:44,,,S,W,8,2,4,6,,,SW,,PAS,,16:56.5,,2019-07-15 7164
174,1225,"1300 E / Leopard Ln @ 800 S, SLC",7/17/2019 12:54,7/19/2019 16:17,N,E,,W,8,2,4,6,NE,,,NW,PAS,SB,07:39.6,,2019-07-17 1225
175,5624,"Fairfield Rd / 850 E @ Wasatch Dr / 425 N, LTN",7/17/2019 12:54,7/19/2019 16:17,,E,S,W,8,2,4,6,,SE,SW,,PAS,,18:38.9,,2019-07-17 5624
176,6307,"800 N / SR-52 @ Palisade Dr / 1300 E, ORM",7/17/2019 12:55,7/19/2019 16:17,,E,S,W,2,4,6,8,,SE,SW,,PAS,,22:15.5,,2019-07-17 6307
177,7126,"300 W / John Stockton Dr / US-89 @ South Temple St, SLC",7/17/2019 12:56,7/19/2019 16:17,N,,,W,8,2,4,6,,,,NW,PAS,,09:38.0,,2019-07-17 7126
178,1225,"1300 E / Leopard Ln @ 800 S, SLC",7/19/2019 16:27,7/22/2019 9:10,,,S,W,8,2,4,6,,,SW,,PAS,SB,55:09.3,,2019-07-19 1225
179,6307,"800 N / SR-52 @ Palisade Dr / 1300 E, ORM",7/19/2019 16:27,7/22/2019 9:10,N,,,W,2,4,6,8,,,,NW,PAS,,13:10.3,,2019-07-19 6307
180,7126,"300 W / John Stockton Dr / US-89 @ South Temple St, SLC",7/19/2019 16:28,7/22/2019 9:10,,E,S,,8,2,4,6,,SE,,,PAS,JDD,14:32.5,,2019-07-19 7126
181,7464,"5415 S / 5400 S / SR-173 @ 4420 W, KRN",7/19/2019 16:29,7/22/2019 9:10,N,E,,W,8,2,4,6,NE,,,NW,PAS,SB,10:39.7,,2019-07-19 7464
182,5393,"Antelope Dr / 1700 S / SR-108 @ 2000 W / SR-108, SYR",7/23/2019 8:35,7/25/2019 16:11,,E,S,,2,4,6,8,,SE,,,PAS,AB,30:14.4,,2019-07-23 5393
183,6168,"State St / SR-198 @ 1400 S, PSN",7/23/2019 8:36,7/25/2019 16:11,,,S,W,8,2,4,6,,,SW,,PAS,SB,25:26.3,,2019-07-23 6168
184,7464,"5415 S / 5400 S / SR-173 @ 4420 W, KRN",7/23/2019 8:36,7/25/2019 16:11,,E,S,,8,2,4,6,,SE,,,PAS,SB,56:03.0,,2019-07-23 7464
185,8222,"200 N / Freedom Blvd / SR-56 @ 1225 W / I-15 NB Ramps, CDC",7/23/2019 8:37,7/25/2019 16:12,N,E,,,2,4,6,8,NE,,,,PAS,,30:40.0,,2019-07-23 8222
186,5393,"Antelope Dr / 1700 S / SR-108 @ 2000 W / SR-108, SYR",7/26/2019 15:51,7/29/2019 8:16,N,,,W,2,4,6,8,,,,NW,PAS,SB,22:46.8,,2019-07-26 5393
187,6168,"State St / SR-198 @ 1400 S, PSN",7/26/2019 15:52,7/29/2019 8:16,N,E,,,8,2,4,6,NE,,,,PAS,JDD,35:12.4,,2019-07-26 6168
188,7285,"3500 S / SR-171 @ 3200 W, WVC",7/26/2019 15:53,7/29/2019 8:16,,E,S,W,2,4,6,8,,SE,SW,,PAS,,36:01.1,,2019-07-26 7285
189,8627,"3050 E @ 850 N, STG",7/26/2019 15:53,7/29/2019 8:16,N,,S,W,9,NA,9,6,,,SW,NW,PAS,JDD,56:29.5,,2019-07-26 8627
190,5030,"Washington Blvd / US-89 @ 12th St / SR-39, OGD",7/29/2019 8:38,7/30/2019 15:00,N,,,W,8,2,4,6,,,,NW,PAS,,43:07.9,,2019-07-29 5030
191,7285,"3500 S / SR-171 @ 3200 W, WVC",7/29/2019 8:39,7/30/2019 11:30,N,,,W,2,4,6,8,,,,NW,PAS,,40:52.1,,2019-07-29 7285
192,7475,"HAWK (300 W / US-89 @ 50 S, SLC)",7/29/2019 8:39,7/31/2019 12:23,N,,,,4,NA,NA,NA,,,,,PAS,AB,25:17.8,,2019-07-29 7475
193,8725,"Pioneer Pkwy @ Rachel Dr, SCL",7/29/2019 8:40,7/29/2019 15:16,N,E,,,2,4,6,8,NE,,,,PAS,,46:52.1,,2019-07-29 8725
194,4130,"6200 S @ Jordan Canal Rd / Margray Dr, TAY",7/31/2019 12:44,7/31/2019 15:40,,,S,W,2,4,6,8,,,SW,,PAS,,50:55.7,,2019-07-31 4130
195,4130,"6200 S @ Jordan Canal Rd / Margray Dr, TAY",7/31/2019 15:47,8/2/2019 3:33,,,S,W,2,4,6,8,,,SW,,PAS,,50:55.7,,2019-07-31 4130
196,7060,"Bangerter Hwy / SR-154 @ 3500 S / SR-171, WVC",7/31/2019 12:45,8/2/2019 13:11,N,E,,,8,2,4,6,NE,,,,PAS,,57:39.5,CFI,2019-07-31 7060
197,7382,"5600 W / SR-172 @ 4100 S, WVC",7/31/2019 12:45,8/2/2019 13:11,,E,S,,8,2,4,6,,SE,,,PAS,SB,48:46.6,,2019-07-31 7382
198,7511,"Mountain View / SR-85 NB @ 13400 S, RVT",7/31/2019 12:46,8/2/2019 13:11,,E,S,W,NA,4,16,NA,,SE,SW,,PAS,,05:27.8,Phases 6 and 8 unknown crosswalks,2019-07-31 7511
199,7060,"Bangerter Hwy / SR-154 @ 3500 S / SR-171, WVC",8/2/2019 13:29,8/5/2019 8:33,,,S,W,8,2,4,6,,,SW,,PAS,,59:15.9,CFI,2019-08-02 7060
200,7382,"5600 W / SR-172 @ 4100 S, WVC",8/2/2019 13:29,8/5/2019 8:33,N,,,W,8,2,4,6,,,,NW,PAS,,02:14.2,,2019-08-02 7382
201,4130,"6200 S @ Jordan Canal Rd / Margray Dr, TAY",8/2/2019 3:44,8/2/2019 13:11,,,S,W,2,4,6,8,,,SW,,PAS,,52:05.2,,2019-08-02a 4130
202,4130,"6200 S @ Jordan Canal Rd / Margray Dr, TAY",8/2/2019 13:28,8/4/2019 3:33,N,E,,,2,4,6,8,NE,,,,PAS,,53:40.0,,2019-08-02b 4130
203,4130,"6200 S @ Jordan Canal Rd / Margray Dr, TAY",8/4/2019 7:40,8/5/2019 8:33,N,E,,,2,4,6,8,NE,,,,PAS,,55:03.7,,2019-08-04 4130
204,7381,"5600 W / SR-172 @ 3500 S / SR-171, WVC",8/5/2019 8:49,8/7/2019 13:09,N,E,S,,2,4,6,8,NE,SE,,,PAS,,47:47.9,,2019-08-05 7381
205,8119,"St George Blvd / SR-34 @ 400 E, STG",8/5/2019 8:50,8/7/2019 13:09,,E,S,,2,4,6,8,,SE,,,PAS,AB,43:18.3,,2019-08-05 8119
206,5093,"1900 W / SR-126 @ 4800 S, ROY",8/5/2019 8:49,8/5/2019 10:03,,E,S,,8,2,4,6,,SE,,,PAS,,40:35.3,,2019-08-05a 5093
207,5093,"1900 W / SR-126 @ 4800 S, ROY",8/5/2019 10:14,8/5/2019 20:51,,E,S,,8,2,4,6,,SE,,,PAS,,42:10.2,,2019-08-05b 5093
208,5093,"1900 W / SR-126 @ 4800 S, ROY",8/5/2019 21:50,8/6/2019 7:56,,E,S,,8,2,4,6,,SE,,,PAS,,43:53.5,,2019-08-05c 5093
209,5093,"1900 W / SR-126 @ 4800 S, ROY",8/6/2019 9:44,8/6/2019 20:56,,E,S,,8,2,4,6,,SE,,,PAS,,45:21.8,,2019-08-06a 5093
210,5093,"1900 W / SR-126 @ 4800 S, ROY",8/6/2019 22:15,8/7/2019 8:23,,E,S,,8,2,4,6,,SE,,,PAS,,46:43.7,,2019-08-06b 5093
211,7160,"State St / US-89 @ 5300 S / SR-173, MUR",8/7/2019 13:18,8/9/2019 15:15,,E,S,,8,2,4,6,,SE,,,PAS,SB,43:49.9,,2019-08-07 7160
212,7812,"Main St / SR-36 @ 2000 N, TLE",8/7/2019 13:19,8/9/2019 15:15,,,,W,NA,NA,NA,6,,,SW,,PAS,,23:24.6,,2019-08-07 7812
213,8119,"St George Blvd / SR-34 @ 400 E, STG",8/7/2019 13:19,8/8/2019 9:34,N,,,W,2,4,6,8,,,,NW,PAS,,55:04.1,,2019-08-07 8119
214,5093,"1900 W / SR-126 @ 4800 S, ROY",8/7/2019 11:45,8/7/2019 13:09,,E,S,,8,2,4,6,,SE,,,PAS,,47:42.8,,2019-08-07a 5093
215,5093,"1900 W / SR-126 @ 4800 S, ROY",8/7/2019 14:27,8/7/2019 16:51,N,,S,W,8,2,4,6,,,SW,NW,PAS,,49:21.5,,2019-08-07b 5093
216,5093,"1900 W / SR-126 @ 4800 S, ROY",8/7/2019 20:53,8/8/2019 9:05,N,,S,W,8,2,4,6,,,SW,NW,PAS,,50:44.9,,2019-08-07c 5093
217,8119,"St George Blvd / SR-34 @ 400 E, STG",8/8/2019 13:09,8/9/2019 15:15,N,,,W,2,4,6,8,,,,NW,PAS,AB,34:49.3,,2019-08-08 8119
218,5093,"1900 W / SR-126 @ 4800 S, ROY",8/8/2019 10:33,8/8/2019 15:14,N,,S,W,8,2,4,6,,,SW,NW,PAS,,52:10.6,,2019-08-08a 5093
219,5093,"1900 W / SR-126 @ 4800 S, ROY",8/8/2019 15:24,8/8/2019 17:37,N,,S,W,8,2,4,6,,,SW,NW,PAS,,52:10.6,,2019-08-08a 5093
220,5093,"1900 W / SR-126 @ 4800 S, ROY",8/8/2019 17:43,8/9/2019 9:18,N,,S,W,8,2,4,6,,,SW,NW,PAS,AB,30:43.1,,2019-08-08b 5093
221,5093,"1900 W / SR-126 @ 4800 S, ROY",8/9/2019 9:59,8/9/2019 15:15,N,,S,W,8,2,4,6,,,SW,NW,PAS,,54:42.6,,2019-08-09 5093
222,5170,"200 N / SR-273 @ Main St / SR-273, KAY",8/9/2019 15:26,8/12/2019 8:16,,E,S,W,8,2,4,6,,SE,SW,,PAS,,30:30.2,,2019-08-09 5170
223,7160,"State St / US-89 @ 5300 S / SR-173, MUR",8/9/2019 15:27,8/12/2019 8:16,N,,,W,8,2,4,6,,,,NW,PAS,,21:35.6,,2019-08-09 7160
224,7719,"HAWK (Park Ave / SR-224 @ Homestake Rd, PKC)",8/9/2019 15:27,8/12/2019 8:16,N,,,,4,NA,NA,NA,,,,,PAS,,36:06.2,,2019-08-09 7719
225,1801,"HAWK (South Temple @ 50 E, SLC)",8/12/2019 8:39,8/14/2019 3:19,,E,,,NA,4,NA,NA,,,,,PAS,,47:07.6,,2019-08-12 1801
226,5170,"200 N / SR-273 @ Main St / SR-273, KAY",8/12/2019 8:39,8/14/2019 3:19,N,,,W,8,2,4,6,,,,NW,PAS,,38:51.8,,2019-08-12 5170
227,7184,"700 E / SR-71 @ 900 S, SLC",8/12/2019 8:40,8/14/2019 3:19,N,E,,,8,2,4,6,NE,,,,PAS,,37:52.1,,2019-08-12 7184
228,5221,"205 S / SR-193 @ 2000 W / SR-108, SYR",8/14/2019 13:29,8/16/2019 16:16,N,,,W,8,2,4,6,,,,NW,PAS,,40:49.2,,2019-08-14 5221
229,7184,"700 E / SR-71 @ 900 S, SLC",8/14/2019 13:29,8/16/2019 16:16,,,S,W,8,2,4,6,,,SW,,PAS,SB,29:27.8,,2019-08-14 7184
230,8105,"Sunset Blvd / SR-8 @ Dixie Dr / Dixie Downs Rd, STG",8/14/2019 13:30,8/16/2019 16:16,N,,,W,2,4,6,8,,,,NW,PAS,,48:14.5,,2019-08-14 8105
231,5221,"205 S / SR-193 @ 2000 W / SR-108, SYR",8/16/2019 16:24,8/19/2019 8:21,,E,S,,8,2,4,6,,SE,,,PAS,,42:14.7,,2019-08-16 5221
232,7110,"Redwood Rd / SR-68 @ 5400 S / SR-173, TAY",8/16/2019 16:25,8/19/2019 8:21,,,,NW,NA,NA,NA,16,,,,,PAS,SB,03:38.4,uncertain if phase 12 or 16,2019-08-16 7110
233,8105,"Sunset Blvd / SR-8 @ Dixie Dr / Dixie Downs Rd, STG",8/16/2019 16:25,8/19/2019 8:21,,E,S,,2,4,6,8,,SE,,,PAS,,49:44.1,,2019-08-16 8105
234,1803,"HAWK (800 S @ 1250 E, SLC)",9/9/2019 8:31,9/11/2019 3:23,,E,,,NA,4,NA,NA,,,,,PAS,JDD,07:58.2,,2019-09-09 1803
235,5315,"1000 W / SR-252 @ 600 S / Mendon Rd, LGN",9/9/2019 8:31,9/11/2019 3:23,N,,,W,8,2,4,6,,,,NW,PAS,SB,59:24.3,,2019-09-09 5315
236,7041,"South Campus Dr / SR-282 @ 1725 E, SLC",9/9/2019 8:32,9/11/2019 3:23,,,S,W,2,4,6,8,,,SW,,PAS,SB,37:05.3,,2019-09-09 7041
237,5260,"HAWK (2000 W / SR-108 @ Syracuse JHS, SYR)",9/11/2019 12:30,9/13/2019 16:07,N,,,,4,NA,NA,NA,,,,,PAS,,15:29.2,,2019-09-11 5260
238,5315,"1000 W / SR-252 @ 600 S / Mendon Rd, LGN",9/11/2019 12:31,9/13/2019 16:07,N,E,S,,8,2,4,6,NE,SE,,,PAS,,13:53.7,,2019-09-11 5315
239,7041,"South Campus Dr / SR-282 @ 1725 E, SLC",9/11/2019 12:32,9/13/2019 16:07,N,E,,W,2,4,6,8,NE,,,NW,PAS,JDD,50:13.9,,2019-09-11 7041
240,5306,"Main St / US-89/91 @ 400 N / US-89, LGN",9/13/2019 16:12,9/16/2019 8:22,,E,S,,8,2,NA,6,,SE,,,PAS,,17:38.2,,2019-09-13 5306
241,5306,"Main St / US-89/91 @ 400 N / US-89, LGN",9/17/2019 13:41,9/19/2019 15:07,N,,,W,8,2,NA,6,,,SW,NW,PAS,AB,54:26.0,,2019-09-17 5306
242,5108,"Hill Field Rd / SR-232 @ 2000 N / Antelope Dr, LTN",10/21/2019 8:38,10/23/2019 13:22,,,S,W,8,2,4,6,,,SW,,PAS,SB,40:14.6,I only counted the crossing guards once per day. ,2019-10-21 5108
243,6407,"University Ave / US-189 @ Center St, PVO",10/21/2019 8:39,10/23/2019 13:22,N,E,,,8,2,4,6,NE,,,,PAS,SB,48:43.7,,2019-10-21 6407
244,5108,"Hill Field Rd / SR-232 @ 2000 N / Antelope Dr, LTN",10/23/2019 13:55,10/25/2019 16:24,N,E,,,8,2,4,6,NE,,,,PAS,SB,56:46.6,I only counted the crossing guard once in the morning and once in the afternoon every day. ,2019-10-23 5108
245,6407,"University Ave / US-189 @ Center St, PVO",10/23/2019 13:56,10/25/2019 16:24,,,S,W,8,2,4,6,,,SW,,PAS,,24:40.6,,2019-10-23 6407
246,8302,"Main St / US-191 @ Center St, MAB",10/23/2019 13:57,10/25/2019 16:24,N,E,,W,8,2,4,6,NE,,,NW,PAS,,27:27.3,,2019-10-23 8302
247,8302,"Main St / US-191 @ Center St, MAB",10/25/2019 16:27,10/28/2019 9:12,,E,S,,8,2,4,6,,SE,SW,,PAS,,29:12.9,,2019-10-25 8302
248,5306,"Main St / US-89/91 @ 400 N / US-89, LGN",11/11/2019 12:41,11/13/2019 3:18,,E,S,,8,2,NA,6,,SE,,,PAS,,32:27.1,,2019-11-11 5306
249,5349,"Main St / US-89 @ 2600 S / SR-93, BTF",11/11/2019 12:36,11/13/2019 3:18,N,E,S,W,8,2,4,6,NE,SE,,NW,PAS,,35:51.2,,2019-11-11 5349
250,7610,"5415 S / 5400 S / SR-173 @ 4800 W / Charlotte Ave, KRN",11/11/2019 12:37,11/13/2019 3:18,N,,,W,2,4,6,8,,,,NW,PAS,,37:37.6,,2019-11-11 7610
251,4130,"6200 S @ Jordan Canal Rd / Margray Dr, TAY",11/13/2019 15:57,11/15/2019 16:03,N,E,,,2,4,6,8,NE,,,,PAS,,39:13.2,,2019-11-13 4130
252,5306,"Main St / US-89/91 @ 400 N / US-89, LGN",11/13/2019 15:57,11/15/2019 16:03,N,,,W,8,2,NA,6,,,SW,NW,PAS,,34:01.2,,2019-11-13 5306
253,8119,"St George Blvd / SR-34 @ 400 E, STG",11/13/2019 15:58,11/15/2019 16:03,,E,S,,2,4,6,8,,SE,,,PAS,,40:54.2,,2019-11-13 8119
254,4130,"6200 S @ Jordan Canal Rd / Margray Dr, TAY",11/15/2019 16:08,11/18/2019 8:08,,,S,W,2,4,6,8,,,SW,,PAS,,42:20.8,,2019-11-15 4130
255,7610,"5415 S / 5400 S / SR-173 @ 4800 W / Charlotte Ave, KRN",11/15/2019 16:08,11/18/2019 8:08,,E,S,,2,4,6,8,,SE,,,PAS,AB,46:07.9,,2019-11-15 7610
256,8119,"St George Blvd / SR-34 @ 400 E, STG",11/15/2019 16:09,11/18/2019 8:08,N,,,W,2,4,6,8,,,,NW,PAS,,45:00.0,,2019-11-15 8119
257,5306,"Main St / US-89/91 @ 400 N / US-89, LGN",11/18/2019 8:16,11/19/2019 8:12,,E,S,,8,2,NA,6,,SE,,,PAS,,46:23.3,,2019-11-18 5306
258,5349,"Main St / US-89 @ 2600 S / SR-93, BTF",11/18/2019 8:17,11/19/2019 8:12,N,E,S,W,8,2,4,6,NE,SE,,NW,PAS,,47:47.0,,2019-11-18 5349
259,7610,"5415 S / 5400 S / SR-173 @ 4800 W / Charlotte Ave, KRN",11/18/2019 8:17,11/19/2019 8:12,N,,,W,2,4,6,8,,,,NW,PAS,,49:05.5,,2019-11-18 7610
260,7126,"300 W / John Stockton Dr / US-89 @ South Temple St, SLC",11/19/2019 8:18,11/21/2019 8:08,,E,S,,8,2,4,6,,SE,,,PAS,,50:58.0,,2019-11-19 7126
261,7184,"700 E / SR-71 @ 900 S, SLC",11/19/2019 8:19,11/21/2019 8:08,N,E,,,8,2,4,6,NE,,,,PAS,,52:28.5,,2019-11-19 7184
262,7126,"300 W / John Stockton Dr / US-89 @ South Temple St, SLC",11/22/2019 14:55,11/23/2019 18:55,N,,,W,8,2,4,6,,,,NW,PAS,,55:36.0,,2019-11-22 7126
263,7184,"700 E / SR-71 @ 900 S, SLC",11/22/2019 14:55,11/25/2019 9:04,,,S,W,8,2,4,6,,,SW,,PAS,,54:03.6,,2019-11-22 7184
264,7126,"300 W / John Stockton Dr / US-89 @ South Temple St, SLC",11/23/2019 18:57,11/25/2019 9:04,N,E,S,,8,2,4,6,NE,,,,PAS,SB,04:28.7,"I had a hard time counting the people coming out of the Vivint Center at the beginning of my file, but I did my best. ",2019-11-23 7126
265,7126,"300 W / John Stockton Dr / US-89 @ South Temple St, SLC",12/4/2019 8:15,12/4/2019 16:28,N,,,W,8,2,4,6,,,,NW,PAS,,59:49.0,,2019-12-04 7126
266,7126,"300 W / John Stockton Dr / US-89 @ South Temple St, SLC",12/5/2019 8:18,12/6/2019 8:04,N,,,W,8,2,4,6,,,,NW,PAS,,01:01.0,,2019-12-05 7126
